{   
  "Symbol": "FPT",
  "Year": 2019,
  "Quarter": 3,
  "BasicEPS_TTM": 4959.1895761099022,
  "DilutedEPS_TTM": 4665.6162913278913,
  "SalesGrowth_MRQ": 0.17698886241656411,
  "SalesGrowth_TTM": -0.0767681603851236,
  "ProfitGrowth_MRQ": 0.30266099042801348,
  "ProfitGrowth_TTM": -0.00079362146070803953,
  "BasicEPSGrowth_MRQ": 0.1980575404245272,
  "BasicEPSGrowth_TTM": -0.14442534234784626,
  "DilutedEPSGrowth_MRQ": 0.1980575404245272, 
  "DilutedEPSGrowth_TTM": -0.11861660401430593,
  "QuickRatio_MRQ": 1.1040154678660148,
  "CurrentRatio_MRQ": 1.1965324618784867,
  "LTDebtToEquity_MRQ": 0.026799990402299145,
  "TotalDebtToEquity_MRQ": 0.98612796167214722,
  "TotalDebtToTotalAssets_MRQ": 0.49650776823156606,
  "GrossMargin_TTM": 0.38462132952822542,
  "EBITMargin_TTM": 0.1740917322782583,
  "OperatingMargin_TTM": 0.17083767694534957,
  "PreTaxMargin_TTM": 0.1740917322782583,
  "NetProfitMargin_TTM": 0.14562514581846919,
  "ROA_TTM": 0.12811072295258155,
  "ROE_TTM": 0.25422419822778647,
  "ROIC_TTM": 0.20817011346320394,
  "InventoryTurnover_TTM": 11.000359099864109,
  "ReceivablesTurnover_TTM": 4.1726278200764373,
  "CurrentAssetsTurnover_TTM": 1.4793302928403957,
  "AssetsTurnover_TTM": 0.87972940547149414,
  "DividendGrowth_MRQ": null,
  "DividendGrowth_TTM": null,
  "TotalAssetsGrowth_MRQ": 0.14942399165388384,
  "TotalAssetsGrowth_TTM": 0.16018361649052268,
  "BookValuePerShare_MRQ": 23959.45442387792,
  "SalesPerShare_TTM": 41605.120996678415,
  "BasicEPS_MRQ": 1415.5116342055005,
  "DilutedEPS_MRQ": 1415.5116342055005,
  "NetSales_MRQ": 7104374137543.0,
  "Dividend_MRQ": null,
  "TotalAssets_MRQ": 32276824464760.0,
  "CurrentAssets_MRQ": 18431909603327.0,
  "Inventories_MRQ": 1425172257953.0,
  "ProfitAfterTax_MRQ": 1159711956246.0,
  "SharesOutstanding_MRQ": 678276312.0,
  "Cash_MRQ": 2416994911003.0,
  "NetLiquidAssets_MRQ": 16872386899907.0,
  "CurrentLiabilities_MRQ": 15404437564853.0,
  "LongTermLiabilities_MRQ": 621256515747.0,
  "Liabilities_MRQ": 16025694080600.0,
  "Equity_MRQ": 16251130384160.0,
  "ProfitBeforeTax_MRQ": 1368471027871.0,
  "FixedAssets_MRQ": 7184933236936.0,
  "LiquidAssets_MRQ": 18431909603327.0,
  "IntangibleAssets_MRQ": 1260561424991.0
}
