{
    "Symbol": "FPT",
    "Year": 2019,
    "Quarter": 1,
    "BasicEPS_TTM": 4540.6478464822394,
    "DilutedEPS_TTM": 4430.5373107480327,
    "SalesGrowth_MRQ": 0.1927500746316759,
    "SalesGrowth_TTM": -0.36542736575275653,
    "ProfitGrowth_MRQ": 0.21623961808018355,
    "ProfitGrowth_TTM": -0.072871877468396226,
    "BasicEPSGrowth_MRQ": 0.0593329482878288,
    "BasicEPSGrowth_TTM": -0.21805520209931228,
    "DilutedEPSGrowth_MRQ": 0.0593329482878288,
    "DilutedEPSGrowth_TTM": -0.22193539845261706,
    "QuickRatio_MRQ": 1.2158953270715076,
    "CurrentRatio_MRQ": 1.3312048006275969,
    "LTDebtToEquity_MRQ": 0.022331565576069187,
    "TotalDebtToEquity_MRQ": 0.85081821780180833,
    "TotalDebtToTotalAssets_MRQ": 0.45969842398261757,
    "GrossMargin_TTM": 0.37907869899483226,
    "EBITMargin_TTM": 0.16709558848926626,
    "OperatingMargin_TTM": 0.16413780648310239,
    "PreTaxMargin_TTM": 0.16709558848926626,
    "NetProfitMargin_TTM": 0.13964991193574156,
    "ROA_TTM": 0.12536067398736256,
    "ROE_TTM": 0.22897381761320609,
    "ROIC_TTM": 0.17874263994581518,
    "InventoryTurnover_TTM": 11.321723356326535,
    "ReceivablesTurnover_TTM": 4.0365516016146712,
    "CurrentAssetsTurnover_TTM": 1.4708519037080687,
    "AssetsTurnover_TTM": 0.89767814565501447,
    "DividendGrowth_MRQ": null,
    "DividendGrowth_TTM": null,
    "TotalAssetsGrowth_MRQ": 0.1494307790631971,
    "TotalAssetsGrowth_TTM": 0.047001447323143111,
    "BookValuePerShare_MRQ": 25190.10572266431,
    "SalesPerShare_TTM": 40103.887800995333,
    "BasicEPS_MRQ": 1015.7027914426144,
    "DilutedEPS_MRQ": 1015.7027914426144,
    "NetSales_MRQ": 5666479616064.0,
    "Dividend_MRQ": null,
    "TotalAssets_MRQ": 28748321092475.0,
    "CurrentAssets_MRQ": 16918516176002.0,
    "Inventories_MRQ": 1465488400196.0,
    "ProfitAfterTax_MRQ": 793922828754.0,
    "SharesOutstanding_MRQ": 616621596.0,
    "Cash_MRQ": 2130553810097.0,
    "NetLiquidAssets_MRQ": 16039145037802.0,
    "CurrentLiabilities_MRQ": 12709176054673.0,
    "LongTermLiabilities_MRQ": 506381843684.0,
    "Liabilities_MRQ": 13215557898357.0,
    "Equity_MRQ": 15532763194118.0,
    "ProfitBeforeTax_MRQ": 960366721615.0,
    "FixedAssets_MRQ": 6690492920734.0,
    "LiquidAssets_MRQ": 16918516176002.0,
    "IntangibleAssets_MRQ": 1316205133097.0
}