{
  "Symbol": "FPT",
  "Year": 2019,
  "Quarter": 2,
  "BasicEPS_TTM": 4711.4012448827634,
  "DilutedEPS_TTM": 4318.8695716193606,
  "SalesGrowth_MRQ": 0.24691102137780935,
  "SalesGrowth_TTM": -0.24055409714460074,
  "ProfitGrowth_MRQ": 0.29924870929202557,
  "ProfitGrowth_TTM": -0.033919857528364038,
  "BasicEPSGrowth_MRQ": 0.20508196655098429,
  "BasicEPSGrowth_TTM": -0.18163712554406383,
  "DilutedEPSGrowth_MRQ": 0.20508196655098429,
  "DilutedEPSGrowth_TTM": -0.14674245741382044,
  "QuickRatio_MRQ": 1.1576186746801878,
  "CurrentRatio_MRQ": 1.2644861151237787,
  "LTDebtToEquity_MRQ": 0.017591051965486187,
  "TotalDebtToEquity_MRQ": 0.92185507169398162,
  "TotalDebtToTotalAssets_MRQ": 0.47966940133598651,
  "GrossMargin_TTM": 0.38163249470148664,
  "EBITMargin_TTM": 0.16891886795952771,
  "OperatingMargin_TTM": 0.16661518222808341,
  "PreTaxMargin_TTM": 0.16891886795952771,
  "NetProfitMargin_TTM": 0.14115612952300269,
  "ROA_TTM": 0.1269560523742265,
  "ROE_TTM": 0.24228117029998197,
  "ROIC_TTM": 0.197744748964529,
  "InventoryTurnover_TTM": 11.316487462161673,
  "ReceivablesTurnover_TTM": 4.162544576009096,
  "CurrentAssetsTurnover_TTM": 1.4725638655325761,
  "AssetsTurnover_TTM": 0.89940162572634041,
  "DividendGrowth_MRQ": null,
  "DividendGrowth_TTM": null,
  "TotalAssetsGrowth_MRQ": 0.15558049500553564,
  "TotalAssetsGrowth_TTM": 0.10295504537189476,
  "BookValuePerShare_MRQ": 23302.355666886389,
  "SalesPerShare_TTM": 40981.531053674335,
  "BasicEPS_MRQ": 1167.2297398895453,
  "DilutedEPS_MRQ": 1167.2297398895453,
  "NetSales_MRQ": 6825918524598.0,
  "Dividend_MRQ": null,
  "TotalAssets_MRQ": 30375757072964.0,
  "CurrentAssets_MRQ": 17849605068189.0,
  "Inventories_MRQ": 1508550852201.0,
  "ProfitAfterTax_MRQ": 986167232252.0,
  "SharesOutstanding_MRQ": 678276312.0,
  "Cash_MRQ": 2807554223819.0,
  "NetLiquidAssets_MRQ": 16259662910521.0,
  "CurrentLiabilities_MRQ": 14116094162443.0,
  "LongTermLiabilities_MRQ": 454227047873.0,
  "Liabilities_MRQ": 14570321210316.0,
  "Equity_MRQ": 15805435862648.0,
  "ProfitBeforeTax_MRQ": 1178628750300.0,
  "FixedAssets_MRQ": 6913929593779.0,
  "LiquidAssets_MRQ": 17849605068189.0,
  "IntangibleAssets_MRQ": 1287370903240.0
}
